{
    "correlations": [
        0.7415531239488448,
        0.9817449357698893,
        0.7492823001010764,
        0.8411220531695153,
        0.9592028450749732,
        0.703593490371423,
        0.8860801844016983,
        0.9160140956399617,
        0.828384406185456
    ],
    "pvalues": [
        0.00018261282516411395,
        2.0014502010104183e-14,
        0.00014333536531703863,
        3.3895037117518035e-06,
        2.5637731720615154e-11,
        0.0005372721950378779,
        2.0158868945250546e-07,
        1.4512427041419499e-08,
        6.459461263938215e-06
    ]
}