{
    "location_accuracies": [
        0.3323615160349854,
        0.37317784256559766,
        0.6676384839650146,
        0.4752186588921283,
        0.9008746355685131,
        0.9096209912536443,
        0.03206997084548105,
        0.27405247813411077,
        0.9067055393586005,
        0.9067055393586005,
        0.8163265306122449,
        0.7142857142857143,
        0.9708454810495627
    ],
    "yesno_accuracies": [
        0.09912536443148688,
        0.11078717201166181,
        0.0,
        0.08163265306122448,
        0.41690962099125367,
        0.6151603498542274,
        0.008746355685131196,
        0.0,
        0.7667638483965015,
        0.7667638483965015,
        0.6501457725947521,
        0.008746355685131196,
        0.34402332361516036
    ]
}