{
    "short": {
        "overall": [
            0.5408163265306123,
            0.5860058309037901,
            0.4708454810495627,
            0.5612244897959183,
            0.9927113702623906,
            0.7463556851311953,
            0.4708454810495627,
            0.4620991253644315,
            0.9970845481049563,
            0.9970845481049563,
            0.9941690962099126,
            0.9533527696793003,
            0.9985422740524781
        ],
        "[Initial loc., New loc.]": [
            0.8221574344023324,
            0.8367346938775511,
            0.9416909620991254,
            0.956268221574344,
            0.9970845481049563,
            0.9941690962099126,
            0.9416909620991254,
            0.924198250728863,
            0.9970845481049563,
            0.9970845481049563,
            0.9941690962099126,
            0.9941690962099126,
            1.0
        ],
        "[Yes, No]": [
            0.2594752186588921,
            0.33527696793002915,
            0.0,
            0.1661807580174927,
            0.9883381924198251,
            0.49854227405247814,
            0.0,
            0.0,
            0.9970845481049563,
            0.9970845481049563,
            0.9941690962099126,
            0.9125364431486881,
            0.9970845481049563
        ]
    },
    "full": {
        "overall": [
            0.21574344023323616,
            0.24198250728862974,
            0.3338192419825073,
            0.2784256559766764,
            0.6588921282798834,
            0.7623906705539358,
            0.02040816326530612,
            0.13702623906705538,
            0.8367346938775511,
            0.8367346938775511,
            0.7332361516034985,
            0.36151603498542273,
            0.6574344023323615
        ],
        "[Initial loc., New loc.]": [
            0.3323615160349854,
            0.37317784256559766,
            0.6676384839650146,
            0.4752186588921283,
            0.9008746355685131,
            0.9096209912536443,
            0.03206997084548105,
            0.27405247813411077,
            0.9067055393586005,
            0.9067055393586005,
            0.8163265306122449,
            0.7142857142857143,
            0.9708454810495627
        ],
        "[Yes, No]": [
            0.09912536443148688,
            0.11078717201166181,
            0.0,
            0.08163265306122448,
            0.41690962099125367,
            0.6151603498542274,
            0.008746355685131196,
            0.0,
            0.7667638483965015,
            0.7667638483965015,
            0.6501457725947521,
            0.008746355685131196,
            0.34402332361516036
        ]
    }
}